model,C_loso
scalar(LCFS),0.39813895781637715
per-surface,0.40210918114143923
flux-surface,0.5540942928039703
random(ctrl),0.500620347394541
